-1.000000, 0.001000, -5.762482
-0.998500, 0.001000, -5.539321
-0.997000, 0.001000, -5.411143
-0.995500, 0.001000, -5.282579
-0.994000, 0.001000, -5.153627
-0.992500, 0.001000, -5.024285
-0.991000, 0.001000, -4.894551
-0.989500, 0.001000, -4.764425
-0.988000, 0.001000, -4.633903
-0.986500, 0.001000, -4.502984
-0.985000, 0.001000, -4.371666
-0.983500, 0.001000, -4.239948
-0.982000, 0.001000, -4.107828
-0.980500, 0.001000, -3.975303
-0.979000, 0.001000, -3.744959
-0.977500, 0.001000, -3.611470
-0.976000, 0.001000, -3.477572
-0.974500, 0.001000, -3.343261
-0.973000, 0.001000, -3.208536
-0.971500, 0.001000, -3.073395
-0.970000, 0.001000, -2.937836
-0.968500, 0.001000, -2.801857
-0.967000, 0.001000, -2.665456
-0.965500, 0.001000, -2.528632
-0.964000, 0.001000, -2.391381
-0.962500, 0.001000, -2.253703
-0.961000, 0.001000, -2.115595
-0.959500, 0.001000, -1.977056
-0.958000, 0.001000, -1.838082
-0.956500, 0.001000, -1.848229
-0.955000, 0.001000, -1.858409
-0.953500, 0.001000, -1.868620
-0.952000, 0.001000, -1.878863
-0.950500, 0.001000, -1.889139
-0.949000, 0.001000, -1.899448
-0.947500, 0.001000, -1.909788
-0.946000, 0.001000, -1.920162
-0.944500, 0.001000, -1.930569
-0.943000, 0.001000, -1.941009
-0.941500, 0.001000, -1.951482
-0.940000, 0.001000, -1.961988
-0.938500, 0.001000, -1.972528
-0.937000, 0.001000, -1.932212
-0.935500, 0.001000, -1.942738
-0.934000, 0.001000, -1.953298
-0.932500, 0.001000, -1.963892
-0.931000, 0.001000, -1.974520
-0.929500, 0.001000, -1.985182
-0.928000, 0.001000, -1.995879
-0.926500, 0.001000, -2.006611
-0.925000, 0.001000, -2.017377
-0.923500, 0.001000, -2.028178
-0.922000, 0.001000, -2.039014
-0.920500, 0.001000, -2.049886
-0.919000, 0.001000, -2.060793
-0.917500, 0.001000, -2.071736
-0.916000, 0.001000, -2.030658
-0.914500, 0.001000, -2.041588
-0.913000, 0.001000, -2.052553
-0.911500, 0.001000, -2.063554
-0.910000, 0.001000, -2.074592
-0.908500, 0.001000, -2.085666
-0.907000, 0.001000, -2.096776
-0.905500, 0.001000, -2.107924
-0.904000, 0.001000, -2.119108
-0.902500, 0.001000, -2.130330
-0.901000, 0.001000, -2.141589
-0.899500, 0.001000, -2.152885
-0.898000, 0.001000, -2.164220
-0.896500, 0.001000, -2.175592
-0.895000, 0.001000, -2.133724
-0.893500, 0.001000, -2.145083
-0.892000, 0.001000, -2.156481
-0.890500, 0.001000, -2.167917
-0.889000, 0.001000, -2.179391
-0.887500, 0.001000, -2.190904
-0.886000, 0.001000, -2.202456
-0.884500, 0.001000, -2.214048
-0.883000, 0.001000, -2.225678
-0.881500, 0.001000, -2.237349
-0.880000, 0.001000, -2.249059
-0.878500, 0.001000, -2.260809
-0.877000, 0.001000, -2.272599
-0.875500, 0.001000, -2.284430
-0.874000, 0.001000, -2.241743
-0.872500, 0.001000, -2.253561
-0.871000, 0.001000, -2.265420
-0.869500, 0.001000, -2.277320
-0.868000, 0.001000, -2.289261
-0.866500, 0.001000, -2.301244
-0.865000, 0.001000, -2.313268
-0.863500, 0.001000, -2.325333
-0.862000, 0.001000, -2.337441
-0.860500, 0.001000, -2.349591
-0.859000, 0.001000, -2.361783
-0.857500, 0.001000, -2.374018
-0.856000, 0.001000, -2.386296
-0.854500, 0.001000, -2.398617
-0.853000, 0.001000, -2.355081
-0.851500, 0.001000, -2.367390
-0.850000, 0.001000, -2.379743
-0.848500, 0.001000, -2.392139
-0.847000, 0.001000, -2.404580
-0.845500, 0.001000, -2.417064
-0.844000, 0.001000, -2.429593
-0.842500, 0.001000, -2.442167
-0.841000, 0.001000, -2.454785
-0.839500, 0.001000, -2.467449
-0.838000, 0.001000, -2.480158
-0.836500, 0.001000, -2.492912
-0.835000, 0.001000, -2.505712
-0.833500, 0.001000, -2.518559
-0.832000, 0.001000, -2.474139
-0.830500, 0.001000, -2.486975
-0.829000, 0.001000, -2.499857
-0.827500, 0.001000, -2.512786
-0.826000, 0.001000, -2.525762
-0.824500, 0.001000, -2.538785
-0.823000, 0.001000, -2.551855
-0.821500, 0.001000, -2.564974
-0.820000, 0.001000, -2.578140
-0.818500, 0.001000, -2.591354
-0.817000, 0.001000, -2.604617
-0.815500, 0.001000, -2.617929
-0.814000, 0.001000, -2.631290
-0.812500, 0.001000, -2.644700
-0.811000, 0.001000, -2.599364
-0.809500, 0.001000, -2.612765
-0.808000, 0.001000, -2.626215
-0.806500, 0.001000, -2.639716
-0.805000, 0.001000, -2.653266
-0.803500, 0.001000, -2.666868
-0.802000, 0.001000, -2.680520
-0.800500, 0.001000, -2.694224
-0.799000, 0.001000, -2.707979
-0.797500, 0.001000, -2.721785
-0.796000, 0.001000, -2.735644
-0.794500, 0.001000, -2.749555
-0.793000, 0.001000, -2.763519
-0.791500, 0.001000, -2.717291
-0.790000, 0.001000, -2.731246
-0.788500, 0.001000, -2.745255
-0.787000, 0.001000, -2.759316
-0.785500, 0.001000, -2.773432
-0.784000, 0.001000, -2.787602
-0.782500, 0.001000, -2.801826
-0.781000, 0.001000, -2.816104
-0.779500, 0.001000, -2.830438
-0.778000, 0.001000, -2.844827
-0.776500, 0.001000, -2.859271
-0.775000, 0.001000, -2.873771
-0.773500, 0.001000, -2.888328
-0.772000, 0.001000, -2.902941
-0.770500, 0.001000, -2.855724
-0.769000, 0.001000, -2.870331
-0.767500, 0.001000, -2.884995
-0.766000, 0.001000, -2.899716
-0.764500, 0.001000, -2.914495
-0.763000, 0.001000, -2.929332
-0.761500, 0.001000, -2.944227
-0.760000, 0.001000, -2.959181
-0.758500, 0.001000, -2.974194
-0.757000, 0.001000, -2.989267
-0.755500, 0.001000, -3.004400
-0.754000, 0.001000, -3.019593
-0.752500, 0.001000, -3.034846
-0.751000, 0.001000, -3.050161
-0.749500, 0.001000, -3.001916
-0.748000, 0.001000, -3.017226
-0.746500, 0.001000, -3.032597
-0.745000, 0.001000, -3.048030
-0.743500, 0.001000, -3.063526
-0.742000, 0.001000, -3.079084
-0.740500, 0.001000, -3.094705
-0.739000, 0.001000, -3.110390
-0.737500, 0.001000, -3.126138
-0.736000, 0.001000, -3.141951
-0.734500, 0.001000, -3.157828
-0.733000, 0.001000, -3.173770
-0.731500, 0.001000, -3.189777
-0.730000, 0.001000, -3.205851
-0.728500, 0.001000, -3.156536
-0.727000, 0.001000, -3.172607
-0.725500, 0.001000, -3.188744
-0.724000, 0.001000, -3.204948
-0.722500, 0.001000, -3.221220
-0.721000, 0.001000, -3.237559
-0.719500, 0.001000, -3.253967
-0.718000, 0.001000, -3.270443
-0.716500, 0.001000, -3.286988
-0.715000, 0.001000, -3.303603
-0.713500, 0.001000, -3.320287
-0.712000, 0.001000, -3.337041
-0.710500, 0.001000, -3.353867
-0.709000, 0.001000, -3.370763
-0.707500, 0.001000, -3.320334
-0.706000, 0.001000, -3.337231
-0.704500, 0.001000, -3.354200
-0.703000, 0.001000, -3.371242
-0.701500, 0.001000, -3.388356
-0.700000, 0.001000, -3.405544
-0.698500, 0.001000, -3.422805
-0.697000, 0.001000, -3.440141
-0.695500, 0.001000, -3.457552
-0.694000, 0.001000, -3.475038
-0.692500, 0.001000, -3.492599
-0.691000, 0.001000, -3.510237
-0.689500, 0.001000, -3.527952
-0.688000, 0.001000, -3.545743
-0.686500, 0.001000, -3.494154
-0.685000, 0.001000, -3.511950
-0.683500, 0.001000, -3.529823
-0.682000, 0.001000, -3.547776
-0.680500, 0.001000, -3.565807
-0.679000, 0.001000, -3.583919
-0.677500, 0.001000, -3.602110
-0.676000, 0.001000, -3.620382
-0.674500, 0.001000, -3.638736
-0.673000, 0.001000, -3.657171
-0.671500, 0.001000, -3.675689
-0.670000, 0.001000, -3.694289
-0.668500, 0.001000, -3.712974
-0.667000, 0.001000, -3.731742
-0.665500, 0.001000, -3.678943
-0.664000, 0.001000, -3.697719
-0.662500, 0.001000, -3.716580
-0.661000, 0.001000, -3.735527
-0.659500, 0.001000, -3.754560
-0.658000, 0.001000, -3.773679
-0.656500, 0.001000, -3.792886
-0.655000, 0.001000, -3.812181
-0.653500, 0.001000, -3.831565
-0.652000, 0.001000, -3.851038
-0.650500, 0.001000, -3.870600
-0.649000, 0.001000, -3.890253
-0.647500, 0.001000, -3.909997
-0.646000, 0.001000, -3.929833
-0.644500, 0.001000, -3.875775
-0.643000, 0.001000, -3.895623
-0.641500, 0.001000, -3.915565
-0.640000, 0.001000, -3.935599
-0.638500, 0.001000, -3.955728
-0.637000, 0.001000, -3.975952
-0.635500, 0.001000, -3.996271
-0.634000, 0.001000, -4.016686
-0.632500, 0.001000, -4.037198
-0.631000, 0.001000, -4.057808
-0.629500, 0.001000, -4.078516
-0.628000, 0.001000, -4.099322
-0.626500, 0.001000, -4.120229
-0.625000, 0.001000, -4.141235
-0.623500, 0.001000, -4.085866
-0.622000, 0.001000, -4.106891
-0.620500, 0.001000, -4.128018
-0.619000, 0.001000, -4.149247
-0.617500, 0.001000, -4.170579
-0.616000, 0.001000, -4.192015
-0.614500, 0.001000, -4.213556
-0.613000, 0.001000, -4.235203
-0.611500, 0.001000, -4.256955
-0.610000, 0.001000, -4.278815
-0.608500, 0.001000, -4.300782
-0.607000, 0.001000, -4.322858
-0.605500, 0.001000, -4.345043
-0.604000, 0.001000, -4.288392
-0.602500, 0.001000, -4.310602
-0.601000, 0.001000, -4.332922
-0.599500, 0.001000, -4.355355
-0.598000, 0.001000, -4.377900
-0.596500, 0.001000, -4.400558
-0.595000, 0.001000, -4.423331
-0.593500, 0.001000, -4.446218
-0.592000, 0.001000, -4.469222
-0.590500, 0.001000, -4.492343
-0.589000, 0.001000, -4.515581
-0.587500, 0.001000, -4.538938
-0.586000, 0.001000, -4.562414
-0.584500, 0.001000, -4.586011
-0.583000, 0.001000, -4.527940
-0.581500, 0.001000, -4.551570
-0.580000, 0.001000, -4.575322
-0.578500, 0.001000, -4.599197
-0.577000, 0.001000, -4.623196
-0.575500, 0.001000, -4.647321
-0.574000, 0.001000, -4.671571
-0.572500, 0.001000, -4.695949
-0.571000, 0.001000, -4.720455
-0.569500, 0.001000, -4.745090
-0.568000, 0.001000, -4.769854
-0.566500, 0.001000, -4.794751
-0.565000, 0.001000, -4.819779
-0.563500, 0.001000, -4.844940
-0.562000, 0.001000, -4.785390
-0.560500, 0.001000, -4.810594
-0.559000, 0.001000, -4.835933
-0.557500, 0.001000, -4.861409
-0.556000, 0.001000, -4.887022
-0.554500, 0.001000, -4.912774
-0.553000, 0.001000, -4.938666
-0.551500, 0.001000, -4.964698
-0.550000, 0.001000, -4.990872
-0.548500, 0.001000, -5.017190
-0.547000, 0.001000, -5.043652
-0.545500, 0.001000, -5.070259
-0.544000, 0.001000, -5.097013
-0.542500, 0.001000, -5.123915
-0.541000, 0.001000, -5.062827
-0.539500, 0.001000, -5.089783
-0.538000, 0.001000, -5.116890
-0.536500, 0.001000, -5.144149
-0.535000, 0.001000, -5.171560
-0.533500, 0.001000, -5.199126
-0.532000, 0.001000, -5.226847
-0.530500, 0.001000, -5.254724
-0.529000, 0.001000, -5.282760
-0.527500, 0.001000, -5.310955
-0.526000, 0.001000, -5.339311
-0.524500, 0.001000, -5.367830
-0.523000, 0.001000, -5.396511
-0.521500, 0.001000, -5.425358
-0.520000, 0.001000, -5.362672
-0.518500, 0.001000, -5.391588
-0.517000, 0.001000, -5.420672
-0.515500, 0.001000, -5.449924
-0.514000, 0.001000, -5.479348
-0.512500, 0.001000, -5.508944
-0.511000, 0.001000, -5.538713
-0.509500, 0.001000, -5.568658
-0.508000, 0.001000, -5.598780
-0.506500, 0.001000, -5.629080
-0.505000, 0.001000, -5.659560
-0.503500, 0.001000, -5.690222
-0.502000, 0.001000, -5.721067
-0.500500, 0.001000, -5.752097
-0.499000, 0.001000, -5.496638
-0.497500, 0.001000, -5.239638
-0.496000, 0.001000, -4.981084
-0.494500, 0.001000, -4.720961
-0.493000, 0.001000, -4.459256
-0.491500, 0.001000, -4.195953
-0.490000, 0.001000, -3.931038
-0.488500, 0.001000, -3.566883
-0.487000, 0.001000, -3.298399
-0.485500, 0.001000, -3.028255
-0.484000, 0.001000, -2.756437
-0.482500, 0.001000, -2.482929
-0.481000, 0.001000, -2.207715
-0.479500, 0.001000, -1.930779
-0.478000, 0.001000, -1.851619
-0.476500, 0.001000, -1.872031
-0.475000, 0.001000, -1.892572
-0.473500, 0.001000, -1.913243
-0.472000, 0.001000, -1.934045
-0.470500, 0.001000, -1.954980
-0.469000, 0.001000, -1.976049
-0.467500, 0.001000, -1.946254
-0.466000, 0.001000, -1.967431
-0.464500, 0.001000, -1.988744
-0.463000, 0.001000, -2.010196
-0.461500, 0.001000, -2.031786
-0.460000, 0.001000, -2.053518
-0.458500, 0.001000, -2.075392
-0.457000, 0.001000, -2.045239
-0.455500, 0.001000, -2.067229
-0.454000, 0.001000, -2.089365
-0.452500, 0.001000, -2.111648
-0.451000, 0.001000, -2.134079
-0.449500, 0.001000, -2.156659
-0.448000, 0.001000, -2.179391
-0.446500, 0.001000, -2.148878
-0.445000, 0.001000, -2.171737
-0.443500, 0.001000, -2.194751
-0.442000, 0.001000, -2.217920
-0.440500, 0.001000, -2.241248
-0.439000, 0.001000, -2.264734
-0.437500, 0.001000, -2.288382
-0.436000, 0.001000, -2.257510
-0.434500, 0.001000, -2.281296
-0.433000, 0.001000, -2.305247
-0.431500, 0.001000, -2.329365
-0.430000, 0.001000, -2.353650
-0.428500, 0.001000, -2.378106
-0.427000, 0.001000, -2.346898
-0.425500, 0.001000, -2.371503
-0.424000, 0.001000, -2.396281
-0.422500, 0.001000, -2.421236
-0.421000, 0.001000, -2.446368
-0.419500, 0.001000, -2.471680
-0.418000, 0.001000, -2.497174
-0.416500, 0.001000, -2.465608
-0.415000, 0.001000, -2.491264
-0.413500, 0.001000, -2.517106
-0.412000, 0.001000, -2.543136
-0.410500, 0.001000, -2.569357
-0.409000, 0.001000, -2.595770
-0.407500, 0.001000, -2.622377
-0.406000, 0.001000, -2.590458
-0.404500, 0.001000, -2.617243
-0.403000, 0.001000, -2.644227
-0.401500, 0.001000, -2.671413
-0.400000, 0.001000, -2.698803
-0.398500, 0.001000, -2.726399
-0.397000, 0.001000, -2.754204
-0.395500, 0.001000, -2.721936
-0.394000, 0.001000, -2.749936
-0.392500, 0.001000, -2.778149
-0.391000, 0.001000, -2.806579
-0.389500, 0.001000, -2.835228
-0.388000, 0.001000, -2.864098
-0.386500, 0.001000, -2.893193
-0.385000, 0.001000, -2.860587
-0.383500, 0.001000, -2.889895
-0.382000, 0.001000, -2.919434
-0.380500, 0.001000, -2.949205
-0.379000, 0.001000, -2.979212
-0.377500, 0.001000, -3.009458
-0.376000, 0.001000, -3.039944
-0.374500, 0.001000, -3.007012
-0.373000, 0.001000, -3.037734
-0.371500, 0.001000, -3.068705
-0.370000, 0.001000, -3.099926
-0.368500, 0.001000, -3.131402
-0.367000, 0.001000, -3.163134
-0.365500, 0.001000, -3.195128
-0.364000, 0.001000, -3.161885
-0.362500, 0.001000, -3.194138
-0.361000, 0.001000, -3.226659
-0.359500, 0.001000, -3.259451
-0.358000, 0.001000, -3.292518
-0.356500, 0.001000, -3.325864
-0.355000, 0.001000, -3.359491
-0.353500, 0.001000, -3.325958
-0.352000, 0.001000, -3.359873
-0.350500, 0.001000, -3.394077
-0.349000, 0.001000, -3.428576
-0.347500, 0.001000, -3.463372
-0.346000, 0.001000, -3.498470
-0.344500, 0.001000, -3.533874
-0.343000, 0.001000, -3.500077
-0.341500, 0.001000, -3.535799
-0.340000, 0.001000, -3.571836
-0.338500, 0.001000, -3.608192
-0.337000, 0.001000, -3.644872
-0.335500, 0.001000, -3.681880
-0.334000, 0.001000, -3.719220
-0.332500, 0.001000, -3.685193
-0.331000, 0.001000, -3.722886
-0.329500, 0.001000, -3.760923
-0.328000, 0.001000, -3.799308
-0.326500, 0.001000, -3.838046
-0.325000, 0.001000, -3.877141
-0.323500, 0.001000, -3.916599
-0.322000, 0.001000, -3.882381
-0.320500, 0.001000, -3.922232
-0.319000, 0.001000, -3.962459
-0.317500, 0.001000, -4.003065
-0.316000, 0.001000, -4.044057
-0.314500, 0.001000, -4.085440
-0.313000, 0.001000, -4.127220
-0.311500, 0.001000, -4.092863
-0.310000, 0.001000, -4.135083
-0.308500, 0.001000, -4.177713
-0.307000, 0.001000, -4.220760
-0.305500, 0.001000, -4.264230
-0.304000, 0.001000, -4.308128
-0.302500, 0.001000, -4.352462
-0.301000, 0.001000, -4.318029
-0.299500, 0.001000, -4.362857
-0.298000, 0.001000, -4.408136
-0.296500, 0.001000, -4.453873
-0.295000, 0.001000, -4.500076
-0.293500, 0.001000, -4.546750
-0.292000, 0.001000, -4.593904
-0.290500, 0.001000, -4.559473
-0.289000, 0.001000, -4.607183
-0.287500, 0.001000, -4.655390
-0.286000, 0.001000, -4.704103
-0.284500, 0.001000, -4.753330
-0.283000, 0.001000, -4.803079
-0.281500, 0.001000, -4.853357
-0.280000, 0.001000, -4.819025
-0.278500, 0.001000, -4.869932
-0.277000, 0.001000, -4.921389
-0.275500, 0.001000, -4.973407
-0.274000, 0.001000, -5.025995
-0.272500, 0.001000, -5.079161
-0.271000, 0.001000, -5.132916
-0.269500, 0.001000, -5.098802
-0.268000, 0.001000, -5.153269
-0.266500, 0.001000, -5.208349
-0.265000, 0.001000, -5.264052
-0.263500, 0.001000, -5.320389
-0.262000, 0.001000, -5.377372
-0.260500, 0.001000, -5.435011
-0.259000, 0.001000, -5.401264
-0.257500, 0.001000, -5.459713
-0.256000, 0.001000, -5.518848
-0.254500, 0.001000, -5.578679
-0.253000, 0.001000, -5.639220
-0.251500, 0.001000, -5.700483
-0.250000, 0.001000, -5.762482
-0.248500, 0.001000, -5.153627
-0.247000, 0.001000, -4.633903
-0.245500, 0.001000, -4.107828
-0.244000, 0.001000, -3.477572
-0.242500, 0.001000, -2.937836
-0.241000, 0.001000, -2.391381
-0.239500, 0.001000, -1.838082
-0.238000, 0.001000, -1.878863
-0.236500, 0.001000, -1.920162
-0.235000, 0.001000, -1.961988
-0.233500, 0.001000, -1.953298
-0.232000, 0.001000, -1.995879
-0.230500, 0.001000, -2.039014
-0.229000, 0.001000, -2.030658
-0.227500, 0.001000, -2.074592
-0.226000, 0.001000, -2.119108
-0.224500, 0.001000, -2.164220
-0.223000, 0.001000, -2.156481
-0.221500, 0.001000, -2.202456
-0.220000, 0.001000, -2.249059
-0.218500, 0.001000, -2.241743
-0.217000, 0.001000, -2.289261
-0.215500, 0.001000, -2.337441
-0.214000, 0.001000, -2.386296
-0.212500, 0.001000, -2.379743
-0.211000, 0.001000, -2.429593
-0.209500, 0.001000, -2.480158
-0.208000, 0.001000, -2.474139
-0.206500, 0.001000, -2.525762
-0.205000, 0.001000, -2.578140
-0.203500, 0.001000, -2.631290
-0.202000, 0.001000, -2.626215
-0.200500, 0.001000, -2.680520
-0.199000, 0.001000, -2.735644
-0.197500, 0.001000, -2.731246
-0.196000, 0.001000, -2.787602
-0.194500, 0.001000, -2.844827
-0.193000, 0.001000, -2.902941
-0.191500, 0.001000, -2.899716
-0.190000, 0.001000, -2.959181
-0.188500, 0.001000, -3.019593
-0.187000, 0.001000, -3.017226
-0.185500, 0.001000, -3.079084
-0.184000, 0.001000, -3.141951
-0.182500, 0.001000, -3.205851
-0.181000, 0.001000, -3.204948
-0.179500, 0.001000, -3.270443
-0.178000, 0.001000, -3.337041
-0.176500, 0.001000, -3.337231
-0.175000, 0.001000, -3.405544
-0.173500, 0.001000, -3.475038
-0.172000, 0.001000, -3.545743
-0.170500, 0.001000, -3.547776
-0.169000, 0.001000, -3.620382
-0.167500, 0.001000, -3.694289
-0.166000, 0.001000, -3.697719
-0.164500, 0.001000, -3.773679
-0.163000, 0.001000, -3.851038
-0.161500, 0.001000, -3.929833
-0.160000, 0.001000, -3.935599
-0.158500, 0.001000, -4.016686
-0.157000, 0.001000, -4.099322
-0.155500, 0.001000, -4.106891
-0.154000, 0.001000, -4.192015
-0.152500, 0.001000, -4.278815
-0.151000, 0.001000, -4.288392
-0.149500, 0.001000, -4.377900
-0.148000, 0.001000, -4.469222
-0.146500, 0.001000, -4.562414
-0.145000, 0.001000, -4.575322
-0.143500, 0.001000, -4.671571
-0.142000, 0.001000, -4.769854
-0.140500, 0.001000, -4.785390
-0.139000, 0.001000, -4.887022
-0.137500, 0.001000, -4.990872
-0.136000, 0.001000, -5.097013
-0.134500, 0.001000, -5.116890
-0.133000, 0.001000, -5.226847
-0.131500, 0.001000, -5.339311
-0.130000, 0.001000, -5.362672
-0.128500, 0.001000, -5.479348
-0.127000, 0.001000, -5.598780
-0.125500, 0.001000, -5.721067
-0.124000, 0.001000, -4.981084
-0.122500, 0.001000, -3.931038
-0.121000, 0.001000, -2.756437
-0.119500, 0.001000, -1.851619
-0.118000, 0.001000, -1.934045
-0.116500, 0.001000, -1.967431
-0.115000, 0.001000, -2.053518
-0.113500, 0.001000, -2.089365
-0.112000, 0.001000, -2.179391
-0.110500, 0.001000, -2.217920
-0.109000, 0.001000, -2.257510
-0.107500, 0.001000, -2.353650
-0.106000, 0.001000, -2.396281
-0.104500, 0.001000, -2.497174
-0.103000, 0.001000, -2.543136
-0.101500, 0.001000, -2.590458
-0.100000, 0.001000, -2.698803
-0.098500, 0.001000, 0.000000
-0.097000, 0.001000, 0.000000
-0.095500, 0.001000, 0.000000
-0.094000, 0.001000, 0.000000
-0.092500, 0.001000, 0.000000
-0.091000, 0.001000, 0.000000
-0.089500, 0.001000, 0.000000
-0.088000, 0.001000, 0.000000
-0.086500, 0.001000, 0.000000
-0.085000, 0.001000, 0.000000
-0.083500, 0.001000, 0.000000
-0.082000, 0.001000, 0.000000
-0.080500, 0.001000, 0.000000
-0.079000, 0.001000, 0.000000
-0.077500, 0.001000, 0.000000
-0.076000, 0.001000, 0.000000
-0.074500, 0.001000, 0.000000
-0.073000, 0.001000, 0.000000
-0.071500, 0.001000, 0.000000
-0.070000, 0.001000, 0.000000
-0.068500, 0.001000, 0.000000
-0.067000, 0.001000, 0.000000
-0.065500, 0.001000, 0.000000
-0.064000, 0.001000, 0.000000
-0.062500, 0.001000, 0.000000
-0.061000, 0.001000, 0.000000
-0.059500, 0.001000, 0.000000
-0.058000, 0.001000, 0.000000
-0.056500, 0.001000, 0.000000
-0.055000, 0.001000, 0.000000
-0.053500, 0.001000, 0.000000
-0.052000, 0.001000, 0.000000
-0.050500, 0.001000, 0.000000
-0.049000, 0.001000, 0.000000
-0.047500, 0.001000, 0.000000
-0.046000, 0.001000, 0.000000
-0.044500, 0.001000, 0.000000
-0.043000, 0.001000, 0.000000
-0.041500, 0.001000, 0.000000
-0.040000, 0.001000, 0.000000
-0.038500, 0.001000, 0.000000
-0.037000, 0.001000, 0.000000
-0.035500, 0.001000, 0.000000
-0.034000, 0.001000, 0.000000
-0.032500, 0.001000, 0.000000
-0.031000, 0.001000, 0.000000
-0.029500, 0.001000, 0.000000
-0.028000, 0.001000, 0.000000
-0.026500, 0.001000, 0.000000
-0.025000, 0.001000, 0.000000
-0.023500, 0.001000, 0.000000
-0.022000, 0.001000, 0.000000
-0.020500, 0.001000, 0.000000
-0.019000, 0.001000, 0.000000
-0.017500, 0.001000, 0.000000
-0.016000, 0.001000, 0.000000
-0.014500, 0.001000, 0.000000
-0.013000, 0.001000, 0.000000
-0.011500, 0.001000, 0.000000
-0.010000, 0.001000, 0.000000
-0.008500, 0.001000, 0.000000
-0.007000, 0.001000, 0.000000
-0.005500, 0.001000, 0.000000
-0.004000, 0.001000, 0.000000
-0.002500, 0.001000, 0.000000
-0.001000, 0.001000, 0.000000
0.000500, 0.001000, 0.000000
0.002000, 0.001000, 0.000000
0.003500, 0.001000, 0.000000
0.005000, 0.001000, 0.000000
0.006500, 0.001000, 0.000000
0.008000, 0.001000, 0.000000
0.009500, 0.001000, 0.000000
0.011000, 0.001000, 0.000000
0.012500, 0.001000, 0.000000
0.014000, 0.001000, 0.000000
0.015500, 0.001000, 0.000000
0.017000, 0.001000, 0.000000
0.018500, 0.001000, 0.000000
0.020000, 0.001000, 0.000000
0.021500, 0.001000, 0.000000
0.023000, 0.001000, 0.000000
0.024500, 0.001000, 0.000000
0.026000, 0.001000, 0.000000
0.027500, 0.001000, 0.000000
0.029000, 0.001000, 0.000000
0.030500, 0.001000, 0.000000
0.032000, 0.001000, 0.000000
0.033500, 0.001000, 0.000000
0.035000, 0.001000, 0.000000
0.036500, 0.001000, 0.000000
0.038000, 0.001000, 0.000000
0.039500, 0.001000, 0.000000
0.041000, 0.001000, 0.000000
0.042500, 0.001000, 0.000000
0.044000, 0.001000, 0.000000
0.045500, 0.001000, 0.000000
0.047000, 0.001000, 0.000000
0.048500, 0.001000, 0.000000
0.050000, 0.001000, 0.000000
0.051500, 0.001000, 0.000000
0.053000, 0.001000, 0.000000
0.054500, 0.001000, 0.000000
0.056000, 0.001000, 0.000000
0.057500, 0.001000, 0.000000
0.059000, 0.001000, 0.000000
0.060500, 0.001000, 0.000000
0.062000, 0.001000, 0.000000
0.063500, 0.001000, 0.000000
0.065000, 0.001000, 0.000000
0.066500, 0.001000, 0.000000
0.068000, 0.001000, 0.000000
0.069500, 0.001000, 0.000000
0.071000, 0.001000, 0.000000
0.072500, 0.001000, 0.000000
0.074000, 0.001000, 0.000000
0.075500, 0.001000, 0.000000
0.077000, 0.001000, 0.000000
0.078500, 0.001000, 0.000000
0.080000, 0.001000, 0.000000
0.081500, 0.001000, 0.000000
0.083000, 0.001000, 0.000000
0.084500, 0.001000, 0.000000
0.086000, 0.001000, 0.000000
0.087500, 0.001000, 0.000000
0.089000, 0.001000, 0.000000
0.090500, 0.001000, 0.000000
0.092000, 0.001000, 0.000000
0.093500, 0.001000, 0.000000
0.095000, 0.001000, 0.000000
0.096500, 0.001000, 0.000000
0.098000, 0.001000, 0.000000
0.099500, 0.001000, 0.000000
0.101000, 0.001000, 2.626215
0.102500, 0.001000, 2.578140
0.104000, 0.001000, 2.474139
0.105500, 0.001000, 2.429593
0.107000, 0.001000, 2.386296
0.108500, 0.001000, 2.289261
0.110000, 0.001000, 2.249059
0.111500, 0.001000, 2.156481
0.113000, 0.001000, 2.119108
0.114500, 0.001000, 2.030658
0.116000, 0.001000, 1.995879
0.117500, 0.001000, 1.961988
0.119000, 0.001000, 1.878863
0.120500, 0.001000, 2.391381
0.122000, 0.001000, 3.477572
0.123500, 0.001000, 4.633903
0.125000, 0.001000, 5.762482
0.126500, 0.001000, 5.639220
0.128000, 0.001000, 5.518848
0.129500, 0.001000, 5.401264
0.131000, 0.001000, 5.377372
0.132500, 0.001000, 5.264052
0.134000, 0.001000, 5.153269
0.135500, 0.001000, 5.132916
0.137000, 0.001000, 5.025995
0.138500, 0.001000, 4.921389
0.140000, 0.001000, 4.819025
0.141500, 0.001000, 4.803079
0.143000, 0.001000, 4.704103
0.144500, 0.001000, 4.607183
0.146000, 0.001000, 4.593904
0.147500, 0.001000, 4.500076
0.149000, 0.001000, 4.408136
0.150500, 0.001000, 4.318029
0.152000, 0.001000, 4.308128
0.153500, 0.001000, 4.220760
0.155000, 0.001000, 4.135083
0.156500, 0.001000, 4.127220
0.158000, 0.001000, 4.044057
0.159500, 0.001000, 3.962459
0.161000, 0.001000, 3.882381
0.162500, 0.001000, 3.877141
0.164000, 0.001000, 3.799308
0.165500, 0.001000, 3.722886
0.167000, 0.001000, 3.719220
0.168500, 0.001000, 3.644872
0.170000, 0.001000, 3.571836
0.171500, 0.001000, 3.500077
0.173000, 0.001000, 3.498470
0.174500, 0.001000, 3.428576
0.176000, 0.001000, 3.359873
0.177500, 0.001000, 3.359491
0.179000, 0.001000, 3.292518
0.180500, 0.001000, 3.226659
0.182000, 0.001000, 3.161885
0.183500, 0.001000, 3.163134
0.185000, 0.001000, 3.099926
0.186500, 0.001000, 3.037734
0.188000, 0.001000, 3.039944
0.189500, 0.001000, 2.979212
0.191000, 0.001000, 2.919434
0.192500, 0.001000, 2.860587
0.194000, 0.001000, 2.864098
0.195500, 0.001000, 2.806579
0.197000, 0.001000, 2.749936
0.198500, 0.001000, 2.754204
0.200000, 0.001000, 2.698803
0.201500, 0.001000, 2.644227
0.203000, 0.001000, 2.590458
0.204500, 0.001000, 2.595770
0.206000, 0.001000, 2.543136
0.207500, 0.001000, 2.491264
0.209000, 0.001000, 2.497174
0.210500, 0.001000, 2.446368
0.212000, 0.001000, 2.396281
0.213500, 0.001000, 2.346898
0.215000, 0.001000, 2.353650
0.216500, 0.001000, 2.305247
0.218000, 0.001000, 2.257510
0.219500, 0.001000, 2.264734
0.221000, 0.001000, 2.217920
0.222500, 0.001000, 2.171737
0.224000, 0.001000, 2.179391
0.225500, 0.001000, 2.134079
0.227000, 0.001000, 2.089365
0.228500, 0.001000, 2.045239
0.230000, 0.001000, 2.053518
0.231500, 0.001000, 2.010196
0.233000, 0.001000, 1.967431
0.234500, 0.001000, 1.976049
0.236000, 0.001000, 1.934045
0.237500, 0.001000, 1.892572
0.239000, 0.001000, 1.851619
0.240500, 0.001000, 2.207715
0.242000, 0.001000, 2.756437
0.243500, 0.001000, 3.298399
0.245000, 0.001000, 3.931038
0.246500, 0.001000, 4.459256
0.248000, 0.001000, 4.981084
0.249500, 0.001000, 5.496638
0.251000, 0.001000, 5.721067
0.252500, 0.001000, 5.659560
0.254000, 0.001000, 5.598780
0.255500, 0.001000, 5.538713
0.257000, 0.001000, 5.479348
0.258500, 0.001000, 5.420672
0.260000, 0.001000, 5.362672
0.261500, 0.001000, 5.396511
0.263000, 0.001000, 5.339311
0.264500, 0.001000, 5.282760
0.266000, 0.001000, 5.226847
0.267500, 0.001000, 5.171560
0.269000, 0.001000, 5.116890
0.270500, 0.001000, 5.062827
0.272000, 0.001000, 5.097013
0.273500, 0.001000, 5.043652
0.275000, 0.001000, 4.990872
0.276500, 0.001000, 4.938666
0.278000, 0.001000, 4.887022
0.279500, 0.001000, 4.835933
0.281000, 0.001000, 4.785390
0.282500, 0.001000, 4.819779
0.284000, 0.001000, 4.769854
0.285500, 0.001000, 4.720455
0.287000, 0.001000, 4.671571
0.288500, 0.001000, 4.623196
0.290000, 0.001000, 4.575322
0.291500, 0.001000, 4.527940
0.293000, 0.001000, 4.562414
0.294500, 0.001000, 4.515581
0.296000, 0.001000, 4.469222
0.297500, 0.001000, 4.423331
0.299000, 0.001000, 4.377900
0.300500, 0.001000, 4.332922
0.302000, 0.001000, 4.288392
0.303500, 0.001000, 4.322858
0.305000, 0.001000, 4.278815
0.306500, 0.001000, 4.235203
0.308000, 0.001000, 4.192015
0.309500, 0.001000, 4.149247
0.311000, 0.001000, 4.106891
0.312500, 0.001000, 4.141235
0.314000, 0.001000, 4.099322
0.315500, 0.001000, 4.057808
0.317000, 0.001000, 4.016686
0.318500, 0.001000, 3.975952
0.320000, 0.001000, 3.935599
0.321500, 0.001000, 3.895623
0.323000, 0.001000, 3.929833
0.324500, 0.001000, 3.890253
0.326000, 0.001000, 3.851038
0.327500, 0.001000, 3.812181
0.329000, 0.001000, 3.773679
0.330500, 0.001000, 3.735527
0.332000, 0.001000, 3.697719
0.333500, 0.001000, 3.731742
0.335000, 0.001000, 3.694289
0.336500, 0.001000, 3.657171
0.338000, 0.001000, 3.620382
0.339500, 0.001000, 3.583919
0.341000, 0.001000, 3.547776
0.342500, 0.001000, 3.511950
0.344000, 0.001000, 3.545743
0.345500, 0.001000, 3.510237
0.347000, 0.001000, 3.475038
0.348500, 0.001000, 3.440141
0.350000, 0.001000, 3.405544
0.351500, 0.001000, 3.371242
0.353000, 0.001000, 3.337231
0.354500, 0.001000, 3.370763
0.356000, 0.001000, 3.337041
0.357500, 0.001000, 3.303603
0.359000, 0.001000, 3.270443
0.360500, 0.001000, 3.237559
0.362000, 0.001000, 3.204948
0.363500, 0.001000, 3.172607
0.365000, 0.001000, 3.205851
0.366500, 0.001000, 3.173770
0.368000, 0.001000, 3.141951
0.369500, 0.001000, 3.110390
0.371000, 0.001000, 3.079084
0.372500, 0.001000, 3.048030
0.374000, 0.001000, 3.017226
0.375500, 0.001000, 3.050161
0.377000, 0.001000, 3.019593
0.378500, 0.001000, 2.989267
0.380000, 0.001000, 2.959181
0.381500, 0.001000, 2.929332
0.383000, 0.001000, 2.899716
0.384500, 0.001000, 2.870331
0.386000, 0.001000, 2.902941
0.387500, 0.001000, 2.873771
0.389000, 0.001000, 2.844827
0.390500, 0.001000, 2.816104
0.392000, 0.001000, 2.787602
0.393500, 0.001000, 2.759316
0.395000, 0.001000, 2.731246
0.396500, 0.001000, 2.763519
0.398000, 0.001000, 2.735644
0.399500, 0.001000, 2.707979
0.401000, 0.001000, 2.680520
0.402500, 0.001000, 2.653266
0.404000, 0.001000, 2.626215
0.405500, 0.001000, 2.599364
0.407000, 0.001000, 2.631290
0.408500, 0.001000, 2.604617
0.410000, 0.001000, 2.578140
0.411500, 0.001000, 2.551855
0.413000, 0.001000, 2.525762
0.414500, 0.001000, 2.499857
0.416000, 0.001000, 2.474139
0.417500, 0.001000, 2.505712
0.419000, 0.001000, 2.480158
0.420500, 0.001000, 2.454785
0.422000, 0.001000, 2.429593
0.423500, 0.001000, 2.404580
0.425000, 0.001000, 2.379743
0.426500, 0.001000, 2.355081
0.428000, 0.001000, 2.386296
0.429500, 0.001000, 2.361783
0.431000, 0.001000, 2.337441
0.432500, 0.001000, 2.313268
0.434000, 0.001000, 2.289261
0.435500, 0.001000, 2.265420
0.437000, 0.001000, 2.241743
0.438500, 0.001000, 2.272599
0.440000, 0.001000, 2.249059
0.441500, 0.001000, 2.225678
0.443000, 0.001000, 2.202456
0.444500, 0.001000, 2.179391
0.446000, 0.001000, 2.156481
0.447500, 0.001000, 2.133724
0.449000, 0.001000, 2.164220
0.450500, 0.001000, 2.141589
0.452000, 0.001000, 2.119108
0.453500, 0.001000, 2.096776
0.455000, 0.001000, 2.074592
0.456500, 0.001000, 2.052553
0.458000, 0.001000, 2.030658
0.459500, 0.001000, 2.060793
0.461000, 0.001000, 2.039014
0.462500, 0.001000, 2.017377
0.464000, 0.001000, 1.995879
0.465500, 0.001000, 1.974520
0.467000, 0.001000, 1.953298
0.468500, 0.001000, 1.932212
0.470000, 0.001000, 1.961988
0.471500, 0.001000, 1.941009
0.473000, 0.001000, 1.920162
0.474500, 0.001000, 1.899448
0.476000, 0.001000, 1.878863
0.477500, 0.001000, 1.858409
0.479000, 0.001000, 1.838082
0.480500, 0.001000, 2.115595
0.482000, 0.001000, 2.391381
0.483500, 0.001000, 2.665456
0.485000, 0.001000, 2.937836
0.486500, 0.001000, 3.208536
0.488000, 0.001000, 3.477572
0.489500, 0.001000, 3.744959
0.491000, 0.001000, 4.107828
0.492500, 0.001000, 4.371666
0.494000, 0.001000, 4.633903
0.495500, 0.001000, 4.894551
0.497000, 0.001000, 5.153627
0.498500, 0.001000, 5.411143
0.500000, 0.001000, 5.762482
0.501500, 0.001000, 5.731390
0.503000, 0.001000, 5.700483
0.504500, 0.001000, 5.669761
0.506000, 0.001000, 5.639220
0.507500, 0.001000, 5.608860
0.509000, 0.001000, 5.578679
0.510500, 0.001000, 5.548676
0.512000, 0.001000, 5.518848
0.513500, 0.001000, 5.489194
0.515000, 0.001000, 5.459713
0.516500, 0.001000, 5.430404
0.518000, 0.001000, 5.401264
0.519500, 0.001000, 5.372292
0.521000, 0.001000, 5.435011
0.522500, 0.001000, 5.406109
0.524000, 0.001000, 5.377372
0.525500, 0.001000, 5.348799
0.527000, 0.001000, 5.320389
0.528500, 0.001000, 5.292141
0.530000, 0.001000, 5.264052
0.531500, 0.001000, 5.236122
0.533000, 0.001000, 5.208349
0.534500, 0.001000, 5.180731
0.536000, 0.001000, 5.153269
0.537500, 0.001000, 5.125960
0.539000, 0.001000, 5.098802
0.540500, 0.001000, 5.071796
0.542000, 0.001000, 5.132916
0.543500, 0.001000, 5.105964
0.545000, 0.001000, 5.079161
0.546500, 0.001000, 5.052505
0.548000, 0.001000, 5.025995
0.549500, 0.001000, 4.999629
0.551000, 0.001000, 4.973407
0.552500, 0.001000, 4.947327
0.554000, 0.001000, 4.921389
0.555500, 0.001000, 4.895591
0.557000, 0.001000, 4.869932
0.558500, 0.001000, 4.844410
0.560000, 0.001000, 4.819025
0.561500, 0.001000, 4.793776
0.563000, 0.001000, 4.853357
0.564500, 0.001000, 4.828151
0.566000, 0.001000, 4.803079
0.567500, 0.001000, 4.778139
0.569000, 0.001000, 4.753330
0.570500, 0.001000, 4.728652
0.572000, 0.001000, 4.704103
0.573500, 0.001000, 4.679683
0.575000, 0.001000, 4.655390
0.576500, 0.001000, 4.631224
0.578000, 0.001000, 4.607183
0.579500, 0.001000, 4.583266
0.581000, 0.001000, 4.559473
0.582500, 0.001000, 4.535803
0.584000, 0.001000, 4.593904
0.585500, 0.001000, 4.570267
0.587000, 0.001000, 4.546750
0.588500, 0.001000, 4.523353
0.590000, 0.001000, 4.500076
0.591500, 0.001000, 4.476916
0.593000, 0.001000, 4.453873
0.594500, 0.001000, 4.430947
0.596000, 0.001000, 4.408136
0.597500, 0.001000, 4.385440
0.599000, 0.001000, 4.362857
0.600500, 0.001000, 4.340387
0.602000, 0.001000, 4.318029
0.603500, 0.001000, 4.295783
0.605000, 0.001000, 4.352462
0.606500, 0.001000, 4.330241
0.608000, 0.001000, 4.308128
0.609500, 0.001000, 4.286125
0.611000, 0.001000, 4.264230
0.612500, 0.001000, 4.242442
0.614000, 0.001000, 4.220760
0.615500, 0.001000, 4.199184
0.617000, 0.001000, 4.177713
0.618500, 0.001000, 4.156346
0.620000, 0.001000, 4.135083
0.621500, 0.001000, 4.113922
0.623000, 0.001000, 4.092863
0.624500, 0.001000, 4.071905
0.626000, 0.001000, 4.127220
0.627500, 0.001000, 4.106280
0.629000, 0.001000, 4.085440
0.630500, 0.001000, 4.064699
0.632000, 0.001000, 4.044057
0.633500, 0.001000, 4.023513
0.635000, 0.001000, 4.003065
0.636500, 0.001000, 3.982714
0.638000, 0.001000, 3.962459
0.639500, 0.001000, 3.942298
0.641000, 0.001000, 3.922232
0.642500, 0.001000, 3.902260
0.644000, 0.001000, 3.882381
0.645500, 0.001000, 3.862594
0.647000, 0.001000, 3.916599
0.648500, 0.001000, 3.896824
0.650000, 0.001000, 3.877141
0.651500, 0.001000, 3.857548
0.653000, 0.001000, 3.838046
0.654500, 0.001000, 3.818633
0.656000, 0.001000, 3.799308
0.657500, 0.001000, 3.780072
0.659000, 0.001000, 3.760923
0.660500, 0.001000, 3.741862
0.662000, 0.001000, 3.722886
0.663500, 0.001000, 3.703997
0.665000, 0.001000, 3.685193
0.666500, 0.001000, 3.666473
0.668000, 0.001000, 3.719220
0.669500, 0.001000, 3.700508
0.671000, 0.001000, 3.681880
0.672500, 0.001000, 3.663335
0.674000, 0.001000, 3.644872
0.675500, 0.001000, 3.626491
0.677000, 0.001000, 3.608192
0.678500, 0.001000, 3.589974
0.680000, 0.001000, 3.571836
0.681500, 0.001000, 3.553778
0.683000, 0.001000, 3.535799
0.684500, 0.001000, 3.517899
0.686000, 0.001000, 3.500077
0.687500, 0.001000, 3.551691
0.689000, 0.001000, 3.533874
0.690500, 0.001000, 3.516133
0.692000, 0.001000, 3.498470
0.693500, 0.001000, 3.480883
0.695000, 0.001000, 3.463372
0.696500, 0.001000, 3.445936
0.698000, 0.001000, 3.428576
0.699500, 0.001000, 3.411289
0.701000, 0.001000, 3.394077
0.702500, 0.001000, 3.376938
0.704000, 0.001000, 3.359873
0.705500, 0.001000, 3.342880
0.707000, 0.001000, 3.325958
0.708500, 0.001000, 3.376411
0.710000, 0.001000, 3.359491
0.711500, 0.001000, 3.342642
0.713000, 0.001000, 3.325864
0.714500, 0.001000, 3.309156
0.716000, 0.001000, 3.292518
0.717500, 0.001000, 3.275950
0.719000, 0.001000, 3.259451
0.720500, 0.001000, 3.243021
0.722000, 0.001000, 3.226659
0.723500, 0.001000, 3.210365
0.725000, 0.001000, 3.194138
0.726500, 0.001000, 3.177978
0.728000, 0.001000, 3.161885
0.729500, 0.001000, 3.211223
0.731000, 0.001000, 3.195128
0.732500, 0.001000, 3.179098
0.734000, 0.001000, 3.163134
0.735500, 0.001000, 3.147236
0.737000, 0.001000, 3.131402
0.738500, 0.001000, 3.115632
0.740000, 0.001000, 3.099926
0.741500, 0.001000, 3.084284
0.743000, 0.001000, 3.068705
0.744500, 0.001000, 3.053188
0.746000, 0.001000, 3.037734
0.747500, 0.001000, 3.022343
0.749000, 0.001000, 3.007012
0.750500, 0.001000, 3.055279
0.752000, 0.001000, 3.039944
0.753500, 0.001000, 3.024671
0.755000, 0.001000, 3.009458
0.756500, 0.001000, 2.994305
0.758000, 0.001000, 2.979212
0.759500, 0.001000, 2.964179
0.761000, 0.001000, 2.949205
0.762500, 0.001000, 2.934290
0.764000, 0.001000, 2.919434
0.765500, 0.001000, 2.904636
0.767000, 0.001000, 2.889895
0.768500, 0.001000, 2.875213
0.770000, 0.001000, 2.860587
0.771500, 0.001000, 2.907825
0.773000, 0.001000, 2.893193
0.774500, 0.001000, 2.878617
0.776000, 0.001000, 2.864098
0.777500, 0.001000, 2.849635
0.779000, 0.001000, 2.835228
0.780500, 0.001000, 2.820876
0.782000, 0.001000, 2.806579
0.783500, 0.001000, 2.792337
0.785000, 0.001000, 2.778149
0.786500, 0.001000, 2.764016
0.788000, 0.001000, 2.749936
0.789500, 0.001000, 2.735910
0.791000, 0.001000, 2.721936
0.792500, 0.001000, 2.768185
0.794000, 0.001000, 2.754204
0.795500, 0.001000, 2.740275
0.797000, 0.001000, 2.726399
0.798500, 0.001000, 2.712575
0.800000, 0.001000, 2.698803
0.801500, 0.001000, 2.685082
0.803000, 0.001000, 2.671413
0.804500, 0.001000, 2.657795
0.806000, 0.001000, 2.644227
0.807500, 0.001000, 2.630710
0.809000, 0.001000, 2.617243
0.810500, 0.001000, 2.603825
0.812000, 0.001000, 2.590458
0.813500, 0.001000, 2.635755
0.815000, 0.001000, 2.622377
0.816500, 0.001000, 2.609049
0.818000, 0.001000, 2.595770
0.819500, 0.001000, 2.582539
0.821000, 0.001000, 2.569357
0.822500, 0.001000, 2.556223
0.824000, 0.001000, 2.543136
0.825500, 0.001000, 2.530098
0.827000, 0.001000, 2.517106
0.828500, 0.001000, 2.504162
0.830000, 0.001000, 2.491264
0.831500, 0.001000, 2.478413
0.833000, 0.001000, 2.465608
0.834500, 0.001000, 2.509989
0.836000, 0.001000, 2.497174
0.837500, 0.001000, 2.484404
0.839000, 0.001000, 2.471680
0.840500, 0.001000, 2.459002
0.842000, 0.001000, 2.446368
0.843500, 0.001000, 2.433780
0.845000, 0.001000, 2.421236
0.846500, 0.001000, 2.408736
0.848000, 0.001000, 2.396281
0.849500, 0.001000, 2.383870
0.851000, 0.001000, 2.371503
0.852500, 0.001000, 2.359179
0.854000, 0.001000, 2.346898
0.855500, 0.001000, 2.390399
0.857000, 0.001000, 2.378106
0.858500, 0.001000, 2.365857
0.860000, 0.001000, 2.353650
0.861500, 0.001000, 2.341486
0.863000, 0.001000, 2.329365
0.864500, 0.001000, 2.317285
0.866000, 0.001000, 2.305247
0.867500, 0.001000, 2.293251
0.869000, 0.001000, 2.281296
0.870500, 0.001000, 2.269382
0.872000, 0.001000, 2.257510
0.873500, 0.001000, 2.245678
0.875000, 0.001000, 2.288382
0.876500, 0.001000, 2.276538
0.878000, 0.001000, 2.264734
0.879500, 0.001000, 2.252971
0.881000, 0.001000, 2.241248
0.882500, 0.001000, 2.229564
0.884000, 0.001000, 2.217920
0.885500, 0.001000, 2.206316
0.887000, 0.001000, 2.194751
0.888500, 0.001000, 2.183224
0.890000, 0.001000, 2.171737
0.891500, 0.001000, 2.160289
0.893000, 0.001000, 2.148878
0.894500, 0.001000, 2.137506
0.896000, 0.001000, 2.179391
0.897500, 0.001000, 2.168006
0.899000, 0.001000, 2.156659
0.900500, 0.001000, 2.145350
0.902000, 0.001000, 2.134079
0.903500, 0.001000, 2.122845
0.905000, 0.001000, 2.111648
0.906500, 0.001000, 2.100488
0.908000, 0.001000, 2.089365
0.909500, 0.001000, 2.078279
0.911000, 0.001000, 2.067229
0.912500, 0.001000, 2.056216
0.914000, 0.001000, 2.045239
0.915500, 0.001000, 2.034297
0.917000, 0.001000, 2.075392
0.918500, 0.001000, 2.064437
0.920000, 0.001000, 2.053518
0.921500, 0.001000, 2.042634
0.923000, 0.001000, 2.031786
0.924500, 0.001000, 2.020973
0.926000, 0.001000, 2.010196
0.927500, 0.001000, 1.999452
0.929000, 0.001000, 1.988744
0.930500, 0.001000, 1.978070
0.932000, 0.001000, 1.967431
0.933500, 0.001000, 1.956826
0.935000, 0.001000, 1.946254
0.936500, 0.001000, 1.935717
0.938000, 0.001000, 1.976049
0.939500, 0.001000, 1.965498
0.941000, 0.001000, 1.954980
0.942500, 0.001000, 1.944496
0.944000, 0.001000, 1.934045
0.945500, 0.001000, 1.923627
0.947000, 0.001000, 1.913243
0.948500, 0.001000, 1.902891
0.950000, 0.001000, 1.892572
0.951500, 0.001000, 1.882285
0.953000, 0.001000, 1.872031
0.954500, 0.001000, 1.861809
0.956000, 0.001000, 1.851619
0.957500, 0.001000, 1.841461
0.959000, 0.001000, 1.930779
0.960500, 0.001000, 2.069464
0.962000, 0.001000, 2.207715
0.963500, 0.001000, 2.345536
0.965000, 0.001000, 2.482929
0.966500, 0.001000, 2.619895
0.968000, 0.001000, 2.756437
0.969500, 0.001000, 2.892556
0.971000, 0.001000, 3.028255
0.972500, 0.001000, 3.163535
0.974000, 0.001000, 3.298399
0.975500, 0.001000, 3.432847
0.977000, 0.001000, 3.566883
0.978500, 0.001000, 3.700508
0.980000, 0.001000, 3.931038
0.981500, 0.001000, 4.063698
0.983000, 0.001000, 4.195953
0.984500, 0.001000, 4.327805
0.986000, 0.001000, 4.459256
0.987500, 0.001000, 4.590307
0.989000, 0.001000, 4.720961
0.990500, 0.001000, 4.851220
0.992000, 0.001000, 4.981084
0.993500, 0.001000, 5.110556
0.995000, 0.001000, 5.239638
0.996500, 0.001000, 5.368331
0.998000, 0.001000, 5.496638
0.999500, 0.001000, 5.624559
